{"total_pipeline_operations": ["lgbm"], "depth": 1, "nodes": [{"operation_id": 0, "operation_type": "lgbm", "operation_name": "LGBMClassifier", "custom_params": {"num_leaves": 23, "colsample_bytree": 0.42341230800695756, "subsample": 0.983309839429522, "subsample_freq": 10, "learning_rate": 0.1826929124728187, "n_estimators": 100, "reg_alpha": 0.014040144030773492, "reg_lambda": 0.404716744314217}, "params": {"num_leaves": 23, "colsample_bytree": 0.42341230800695756, "subsample": 0.983309839429522, "subsample_freq": 10, "learning_rate": 0.1826929124728187, "n_estimators": 100, "reg_alpha": 0.014040144030773492, "reg_lambda": 0.404716744314217}, "nodes_from": [], "fitted_operation_path": ["fitted_operations", "operation_0.pkl"], "rating": null}], "preprocessing": ["preprocessing", "data_preprocessor.pkl"], "descriptive_id": "/n_lgbm_{'num_leaves': 23, 'colsample_bytree': 0.42341230800695756, 'subsample': 0.983309839429522, 'subsample_freq': 10, 'learning_rate': 0.1826929124728187, 'n_estimators': 100, 'reg_alpha': 0.014040144030773492, 'reg_lambda': 0.404716744314217}", "fitted_operation_path": "operation_0"}