{"total_pipeline_operations": ["lgbm"], "depth": 1, "nodes": [{"operation_id": 0, "operation_type": "lgbm", "operation_name": "LGBMClassifier", "custom_params": {"num_leaves": 149, "colsample_bytree": 0.9454840940698261, "subsample": 0.902379632643298, "subsample_freq": 10, "learning_rate": 0.04024711982502798, "n_estimators": 100, "reg_alpha": 1.321179780780938e-08, "reg_lambda": 8.495464218250065}, "params": {"num_leaves": 149, "colsample_bytree": 0.9454840940698261, "subsample": 0.902379632643298, "subsample_freq": 10, "learning_rate": 0.04024711982502798, "n_estimators": 100, "reg_alpha": 1.321179780780938e-08, "reg_lambda": 8.495464218250065}, "nodes_from": [], "fitted_operation_path": ["fitted_operations", "operation_0.pkl"], "rating": null}], "preprocessing": ["preprocessing", "data_preprocessor.pkl"], "descriptive_id": "/n_lgbm_{'num_leaves': 149, 'colsample_bytree': 0.9454840940698261, 'subsample': 0.902379632643298, 'subsample_freq': 10, 'learning_rate': 0.04024711982502798, 'n_estimators': 100, 'reg_alpha': 1.321179780780938e-08, 'reg_lambda': 8.495464218250065}", "fitted_operation_path": "operation_0"}