{"total_pipeline_operations": ["lgbm"], "depth": 1, "nodes": [{"operation_id": 0, "operation_type": "lgbm", "operation_name": "LGBMClassifier", "custom_params": {"num_leaves": 204, "colsample_bytree": 0.6865908397566789, "subsample": 0.9996325311904068, "subsample_freq": 10, "learning_rate": 0.03087266277695108, "n_estimators": 100, "reg_alpha": 0.010885462353219983, "reg_lambda": 0.03501606394288778}, "params": {"num_leaves": 204, "colsample_bytree": 0.6865908397566789, "subsample": 0.9996325311904068, "subsample_freq": 10, "learning_rate": 0.03087266277695108, "n_estimators": 100, "reg_alpha": 0.010885462353219983, "reg_lambda": 0.03501606394288778}, "nodes_from": [], "fitted_operation_path": ["fitted_operations", "operation_0.pkl"], "rating": null}], "preprocessing": ["preprocessing", "data_preprocessor.pkl"], "descriptive_id": "/n_lgbm_{'num_leaves': 204, 'colsample_bytree': 0.6865908397566789, 'subsample': 0.9996325311904068, 'subsample_freq': 10, 'learning_rate': 0.03087266277695108, 'n_estimators': 100, 'reg_alpha': 0.010885462353219983, 'reg_lambda': 0.03501606394288778}", "fitted_operation_path": "operation_0"}