{"total_pipeline_operations": ["lgbm"], "depth": 1, "nodes": [{"operation_id": 0, "operation_type": "lgbm", "operation_name": "LGBMClassifier", "custom_params": {"num_leaves": 25, "colsample_bytree": 0.6192180611839475, "subsample": 0.9987869703497931, "subsample_freq": 10, "learning_rate": 0.13734885751079814, "n_estimators": 100, "reg_alpha": 0.0011046094884459704, "reg_lambda": 0.00030807778769415483}, "params": {"num_leaves": 25, "colsample_bytree": 0.6192180611839475, "subsample": 0.9987869703497931, "subsample_freq": 10, "learning_rate": 0.13734885751079814, "n_estimators": 100, "reg_alpha": 0.0011046094884459704, "reg_lambda": 0.00030807778769415483}, "nodes_from": [], "fitted_operation_path": ["fitted_operations", "operation_0.pkl"], "rating": null}], "preprocessing": ["preprocessing", "data_preprocessor.pkl"], "descriptive_id": "/n_lgbm_{'num_leaves': 25, 'colsample_bytree': 0.6192180611839475, 'subsample': 0.9987869703497931, 'subsample_freq': 10, 'learning_rate': 0.13734885751079814, 'n_estimators': 100, 'reg_alpha': 0.0011046094884459704, 'reg_lambda': 0.00030807778769415483}", "fitted_operation_path": "operation_0"}