{"total_pipeline_operations": ["lgbm"], "depth": 1, "nodes": [{"operation_id": 0, "operation_type": "lgbm", "operation_name": "LGBMClassifier", "custom_params": {"num_leaves": 47, "colsample_bytree": 0.6678068525468391, "subsample": 0.8620602330041912, "subsample_freq": 10, "learning_rate": 0.02579923474485064, "n_estimators": 100, "class_weight": "balanced", "reg_alpha": 1.0989800025528147e-08, "reg_lambda": 3.580713507036465e-07}, "params": {"num_leaves": 47, "colsample_bytree": 0.6678068525468391, "subsample": 0.8620602330041912, "subsample_freq": 10, "learning_rate": 0.02579923474485064, "n_estimators": 100, "class_weight": "balanced", "reg_alpha": 1.0989800025528147e-08, "reg_lambda": 3.580713507036465e-07}, "nodes_from": [], "fitted_operation_path": ["fitted_operations", "operation_0.pkl"], "rating": null}], "preprocessing": ["preprocessing", "data_preprocessor.pkl"], "descriptive_id": "/n_lgbm_{'num_leaves': 47, 'colsample_bytree': 0.6678068525468391, 'subsample': 0.8620602330041912, 'subsample_freq': 10, 'learning_rate': 0.02579923474485064, 'n_estimators': 100, 'class_weight': 'balanced', 'reg_alpha': 1.0989800025528147e-08, 'reg_lambda': 3.580713507036465e-07}", "fitted_operation_path": "operation_0"}