{"total_pipeline_operations": ["lgbm"], "depth": 1, "nodes": [{"operation_id": 0, "operation_type": "lgbm", "operation_name": "LGBMClassifier", "custom_params": {"num_leaves": 33, "colsample_bytree": 0.40174198851337545, "subsample": 0.9419887738447973, "subsample_freq": 10, "learning_rate": 0.11148010581329006, "n_estimators": 100, "class_weight": "balanced", "reg_alpha": 0.0007973184394240295, "reg_lambda": 0.011321630690165604}, "params": {"num_leaves": 33, "colsample_bytree": 0.40174198851337545, "subsample": 0.9419887738447973, "subsample_freq": 10, "learning_rate": 0.11148010581329006, "n_estimators": 100, "class_weight": "balanced", "reg_alpha": 0.0007973184394240295, "reg_lambda": 0.011321630690165604}, "nodes_from": [], "fitted_operation_path": ["fitted_operations", "operation_0.pkl"], "rating": null}], "preprocessing": ["preprocessing", "data_preprocessor.pkl"], "descriptive_id": "/n_lgbm_{'num_leaves': 33, 'colsample_bytree': 0.40174198851337545, 'subsample': 0.9419887738447973, 'subsample_freq': 10, 'learning_rate': 0.11148010581329006, 'n_estimators': 100, 'class_weight': 'balanced', 'reg_alpha': 0.0007973184394240295, 'reg_lambda': 0.011321630690165604}", "fitted_operation_path": "operation_0"}