{"total_pipeline_operations": ["lgbm"], "depth": 1, "nodes": [{"operation_id": 0, "operation_type": "lgbm", "operation_name": "LGBMClassifier", "custom_params": {"num_leaves": 199, "colsample_bytree": 0.6030526229393677, "subsample": 0.9572047448994833, "subsample_freq": 10, "learning_rate": 0.13924551011725694, "n_estimators": 100, "reg_alpha": 3.515042569653916e-05, "reg_lambda": 1.7425260439416154e-05}, "params": {"num_leaves": 199, "colsample_bytree": 0.6030526229393677, "subsample": 0.9572047448994833, "subsample_freq": 10, "learning_rate": 0.13924551011725694, "n_estimators": 100, "reg_alpha": 3.515042569653916e-05, "reg_lambda": 1.7425260439416154e-05}, "nodes_from": [], "fitted_operation_path": ["fitted_operations", "operation_0.pkl"], "rating": null}], "preprocessing": ["preprocessing", "data_preprocessor.pkl"], "descriptive_id": "/n_lgbm_{'num_leaves': 199, 'colsample_bytree': 0.6030526229393677, 'subsample': 0.9572047448994833, 'subsample_freq': 10, 'learning_rate': 0.13924551011725694, 'n_estimators': 100, 'reg_alpha': 3.515042569653916e-05, 'reg_lambda': 1.7425260439416154e-05}", "fitted_operation_path": "operation_0"}